space,thread_title,thread_description,pain_point_tag,opening_story,invitation_questions,audience_tags,content_type,priority
"First Steps & Introductions","Just diagnosed with ADHD—I have no idea what to do next","Got the report from the psych yesterday. 15 pages I don't understand, recommendations I can't afford, and a label that somehow feels like relief AND shame at the same time.","diagnosis_overwhelm","I spent 6 months fighting to get this evaluation. Now I'm frozen. Where do I actually start?","What was the first thing you did after diagnosis that actually helped? (Not what you were supposed to do—what you actually did)","newly_diagnosed,seeking_clarity","story_invitation","high"
"First Steps & Introductions","My family thinks this is an excuse to be lazy","Got diagnosed with ADHD. My dad's response: 'You're just not trying hard enough.' My mom: 'This generation relies too much on labels.' My spouse is skeptical too.","family_denial","Everyone around me reacted with doubt, and now I'm wondering if they're right. Is this diagnosis real or am I just... broken?","How did your family react to your (or your kid's) diagnosis? How did you handle it without losing your mind?","family_conflict,stigma","story_invitation","high"
"First Steps & Introductions","This diagnosis explains my entire life","I'm 34. Just diagnosed ADHD. Everything clicks now—my job failures, relationships, why I can't do simple tasks. I feel relieved but also devastated I wasted 30+ years.","late_diagnosis_grief","All these years I thought I was lazy, broken, unmotivated. Turns out I'm just ADHD. Now what?","If you got diagnosed later in life, how did you process it? Did it change how you see yourself?","adult_diagnosis,identity","story_invitation","high"
"First Steps & Introductions","The diagnosis is real but the help is impossible to find","Psych confirmed ADHD. They referred me to a therapist. Therapist said 'Call back in 3 months.' Medication clinic has a 6-month wait. Google says 'try meditation' and 'eat protein.'","access_barrier","I have a diagnosis. I also have zero access to actual treatment. Do I just... live with this now?","How did you find actual support after diagnosis? What resources actually exist in India that are accessible?","frustrated,seeking_resources","advice_request","high"
"First Steps & Introductions","Should I tell everyone or keep it private?","Got diagnosed last week. Now I'm terrified. If I tell people at work, will they see me differently? If I tell family, will they use it against me? If I keep it quiet, am I lying?","disclosure_anxiety","The diagnosis is mine but it doesn't feel safe to own it out loud.","How did you decide who to tell? What did you wish you'd known before you told someone?","privacy_concerns,social_anxiety","advice_request","medium"
"First Steps & Introductions","I think I have it but everyone says I don't","I'm convinced I'm ADHD/autistic. My doctor says I'm 'fine' because I have a job and don't fail classes. But I'm struggling so much internally—is that not enough?","diagnostic_gatekeeping","My experience is valid but apparently not *diagnosable* enough.","How did you get a diagnosis when people around you said you were fine? What changed?","self_advocacy,doubt","story_invitation","medium"
"First Steps & Introductions","One diagnosis explained, now I'm confused if I have the other one too","Son diagnosed with autism. Now I'm reading about ADHD and going 'wait, do I have this too?' Where does one condition end and the other begin?","comorbidity_confusion","How do I know if this is two separate things or one puzzle with overlapping pieces?","If you have multiple diagnoses (or wonder if you do), how did you figure that out? How does it change your understanding of yourself?","comorbidity,multiple_diagnoses","advice_request","medium"
"First Steps & Introductions","The guilt is crushing me","If I hadn't missed the diagnosis for my kid for 7 years, they wouldn't have struggled so much. If I'd recognized it in myself earlier, my marriage might have survived. The regret is suffocating.","parent_guilt","I can't stop replaying what I could've done differently.","How do you move past the guilt of a delayed diagnosis? How do you forgive yourself?","guilt,acceptance","emotional_support","high"
"First Steps & Introductions","I finally understand why school was hell","I was diagnosed with ADHD at 25. Looking back at my school trauma—the shame, the punishment, the feeling that I was 'bad'—I realize my teachers didn't understand. They just saw me as a problem.","school_trauma","All those years of feeling broken in a classroom designed for a different brain.","If you were undiagnosed at school and then diagnosed later, how did you reframe those memories?","education_trauma,healing","story_invitation","medium"
"First Steps & Introductions","Is this medication safe for my kid?","Doctor recommended ADHD meds for my 7yo. Everything I read online says it's dangerous/addictive/will ruin their brain. But untreated ADHD is also affecting them. I'm paralyzed.","medication_fear","I trust the doctor but I also trust the scary Reddit threads.","If your child is on medication, what was your decision-making process? What actually happened (not the fears)?","medication_hesitation,safety_concern","advice_request","high"
"First Steps & Introductions","My kid got diagnosed but won't talk about it","My 12yo got diagnosed with autism. They refuse to acknowledge it, call it stupid, say everyone's a little autistic. I'm not forcing it but the denial worries me.","teen_denial","They have the diagnosis. They're not accepting it. Now what?","How do you support someone (especially a kid) who has a diagnosis they don't want to claim?","teen_acceptance,identity","advice_request","medium"
"First Steps & Introductions","Diagnosis was a relief but my parents are grieving","They reacted to my diagnosis like I told them I was dying. They're sad, angry, mourning the 'normal' child they thought they had. Meanwhile I'm just feeling... seen for the first time.","parental_grief","My clarity is their tragedy.","How do you navigate your own relief when the people who raised you are grieving?","parent_child_conflict,acceptance","emotional_support","medium"
"First Steps & Introductions","I can't afford the next steps after diagnosis","Got diagnosed. Great. Now: therapy costs ₹3000/month. Medication evaluation costs ₹5000. Speech therapy (recommended for my 5yo) costs ₹2000/session. Our grocery budget can't stretch.","financial_barrier","Diagnosis is free if you go to government hospital. Everything else costs more than rent.","What did you do when the diagnosis came with bills you couldn't pay? What actually works without money?","poverty,access","practical_advice","high"
"First Steps & Introductions","Everyone's telling me to 'embrace neurodiversity' but I'm just scared","I've read all the 'ADHD is a superpower' posts. Cool. I'm still terrified about what my future looks like, whether I can hold a job, whether anyone will love me.","toxic_positivity","Acceptance feels far away when survival feels uncertain.","What helped you move from fear to something like acceptance? (Not positivity—just peace.)","anxiety,future_worry","emotional_support","medium"
"First Steps & Introductions","The pressure to be 'high-functioning' is killing me","I got diagnosed ADHD but because I 'seem fine' (I mask very well), people minimize it. 'You don't look ADHD,' 'You have a job so you must be exaggerating.' The exhaustion of being high-functioning is what landed me in crisis.","masking_pressure","I'm fine until I'm not. Then I crash hard.","If you're 'high-functioning' but struggling, how do you make people understand it's still real?","masking,high_functioning,invalidation","story_invitation","high"
"First Steps & Introductions","My diagnosis has become my entire identity","Six months post-diagnosis and I've joined every ADHD group, read every book, reorganized my life around accommodations. I'm grateful but also—when do I stop being 'the ADHD person' and just be me?","identity_consumed","I swapped one box (broken) for another (ADHD).","How do you integrate a diagnosis without letting it become your whole personality?","identity,balance","reflection","medium"
"First Steps & Introductions","I was diagnosed but I don't feel different","Officially ADHD. I expected some revelation. But I wake up and feel exactly the same. All those struggles are still there. The diagnosis alone didn't fix anything.","diagnosis_letdown","I thought knowing would change everything. It didn't.","Did getting diagnosed feel like a turning point or an anticlimax? How long until things actually started shifting?","expectations,reality_check","story_invitation","medium"
"First Steps & Introductions","My kid got diagnosed and everyone's suddenly an expert","We went public with our kid's ADHD diagnosis (had to for school accommodations). Now random people give unsolicited advice: 'You should try this diet,' 'My nephew's cousin was cured with yoga,' 'You're medicating your child wrong.'","unsolicited_advice","I asked for accommodations, not commentary.","How do you handle people's opinions about your kid's diagnosis? How do you protect your family's privacy?","boundary_setting,judgment","practical_advice","medium"
"First Steps & Introductions","The diagnosis confirmed my deepest fear","I always knew something was 'wrong' with me. The diagnosis just made it official. Now I have proof I'm not normal, and that's both validating and devastating.","internal_shame","Knowing is better than not knowing. But it's also lonelier.","How do you sit with the reality of a diagnosis you half-expected but still doesn't feel good?","self_worth,shame","emotional_support","medium"
"First Steps & Introductions","Nobody warned me about post-diagnosis depression","Got diagnosed ADHD at 30. First week was relief. By week 3, I was depressed. Grieving all the ways this affected my life before I knew. Is this normal?","post_diagnosis_grief","The clarity feels like opening a wound.","Did you experience depression or grief after diagnosis? When did it lift?","mental_health,grief","story_invitation","medium"
"First Steps & Introductions","Should we test our other child?","Older kid diagnosed with autism. Younger one is 'fine' but shows some similar traits. Do we get them tested or let them be? Are we creating labels unnecessarily?","sibling_diagnosis","One diagnosis feels like opening a door to finding diagnoses everywhere.","If multiple kids in your family are neurodivergent, how did you decide who to test and when?","family_testing,multiple_kids","advice_request","medium"
"First Steps & Introductions","The therapist I found is hopeless","Diagnosis psych was great. Referred me to 'an ADHD specialist' to help with next steps. This therapist has no idea about ADHD, keeps trying to analyze my childhood, and dismisses my diagnosis as 'a label.'","bad_therapist","I thought getting the diagnosis was the hard part. Finding the right support is harder.","How did you find a good therapist after diagnosis? Red flags to watch for?","therapist_selection,support","practical_advice","high"
"First Steps & Introductions","My spouse still doesn't believe it's real","I have a diagnosis. My spouse thinks I'm making it an excuse. This is creating a chasm in our marriage. They think if I try harder or stop 'using ADHD' as a crutch, I'd be fine.","spousal_denial","I have proof. They have doubt. We're stuck.","How did you get your partner on board with the diagnosis? Or did you have to move forward without their belief?","relationship_conflict,spousal_support","advice_request","high"
"First Steps & Introductions","Now I understand why I never fit in—and I'm grieving that","ADHD diagnosis at 35. My whole life makes sense now. Except... I'm angry. All those years of trying to be someone else, of failing, of shame. The clarity doesn't erase the pain.","decades_of_struggle","Diagnosis is answer and accusation at the same time.","If you were undiagnosed for most of your life, how do you process the loss of a 'normal' path you never had?","grief,identity_loss","emotional_support","medium"
"First Steps & Introductions","I need help but I don't know what to ask for","Diagnosed last month. I know something needs to change but I don't know if it's therapy, medication, coaching, school accommodations, job changes, or all of it. Where do I even start?","overwhelmed_options","Too many paths, no map.","After diagnosis, what was your first actual step? Not what you thought you should do—what you did?","direction,overwhelm","advice_request","high"
"First Steps & Introductions","The diagnosis is real but my life hasn't changed","Got diagnosed 3 months ago. Still struggling the same way. Diagnosis alone wasn't the fix. Now I'm paying for support and it's slow. People ask 'are you better yet?' and the answer is 'no, but now I understand why.'","slow_progress","Knowledge without action is just pain with context.","What's been the timeline of actual change in your life post-diagnosis? When did things actually shift?","realistic_expectations,progress","story_invitation","medium"

"Parenting Little Ones (0-8)","My 4yo has a meltdown every morning before school","Wake-up to uniform to car to classroom in 15 minutes = complete dysregulation. Not because they don't like school—because transitions shred their nervous system.","school_transition_meltdowns","By the time we reach school, they're crying, I'm frustrated, teacher thinks it's a behavior problem. Nobody understands it's a regulation issue.","What morning routine/transition hack actually works? How do you advocate for understanding at school?","sensory_regulation,school","practical_advice","high"
"Parenting Little Ones (0-8)","Therapy costs more than I make","Speech therapy (₹2000/session): 2x/week. Occupational therapy (₹1500/session): 2x/week. That's ₹14k/month. My salary is ₹40k. I'm hemorrhaging money while my kid gets zero therapy.","financial_crisis_therapy","Early intervention is critical. Also impossible. Pick one.","How are you affording therapy? Subsidized options? DIY? Government resources?","financial_barrier,access","advice_request","high"
"Parenting Little Ones (0-8)","The pediatrician dismissed everything","I mentioned my 5yo's sensory issues and speech delay. Pediatrician said 'boys are just slower at talking' and 'all kids hate tags.' When I pushed, they said I was anxious. Delayed my evaluation by a year.","medical_gatekeeping","Trust your gut when professionals dismiss you.","How did you advocate for evaluation when doctors said 'wait and see'?","medical_advocacy,gaslighting","story_invitation","high"
"Parenting Little Ones (0-8)","My in-laws think it's bad parenting, not ADHD","Kid diagnosed ADHD. MIL's reaction: 'We never had ADHD in our time. You're just not disciplining properly.' Now family gatherings are full of subtle jabs.","family_judgment","The diagnosis is mine. The shame is family-inflicted.","How do you handle family members who invalidate the diagnosis? How do you protect your kid from their judgment?","family_conflict,protection","boundary_setting","high"
"Parenting Little Ones (0-8)","My kid stims and everyone stares","My 3yo flaps hands, spins, makes repetitive sounds—all regulation tools. But in public (grocery store, park, temple), strangers stare. Comments like 'is your child okay?' make my kid feel watched and wrong.","public_stimming_shame","My kid's regulation is being interrupted by society's judgment.","How do you raise an autistic/ADHD child in public without internalizing other people's discomfort?","public_acceptance,shame","emotional_support","medium"
"Parenting Little Ones (0-8)","Nobody at school understands my kid's needs","School says: 'Your child is fine here.' But they're masking hard. At home, they're dysregulated all evening. I know school is causing distress but proving it requires documentation, meeting, fighting.","school_masking","My kid performs normal for 6 hours then crashes. School calls this success.","How do you advocate for accommodations when the school says your kid 'seems fine'?","school_advocacy,masking","practical_advice","high"
"Parenting Little Ones (0-8)","I don't know how to parent a neurodivergent brain","Parenting advice (time-outs, reward charts, consistency) works for my NT kid. With my ND kid, these strategies backfire. I'm reading books, watching videos, and still feel lost.","parenting_model_mismatch","Everything I learned about parenting doesn't work.","What parenting strategies actually work for your neurodivergent kid? What does *connection* look like for them?","parenting_strategies,adaptation","advice_request","high"
"Parenting Little Ones (0-8)","Extended family doesn't get the diagnosis at all","Parents understand ADHD. Grandparents are baffled. 'In our day, we just made kids sit still,' 'You're overcomplicating it,' 'Stop looking for excuses.' Family visits are full of tension.","intergenerational_conflict","Different generations, completely different frameworks.","How do you teach extended family about your child's diagnosis without exhausting yourself?","family_education,patience","practical_advice","high"
"Parenting Little Ones (0-8)","My sensory kid can't wear regular clothes","Seams cause meltdowns. Tags are torture. Regular uniforms are a nightmare. Special clothes exist but they're expensive. Most people can't fathom why a tag matters so much.","sensory_clothing_battle","Something so small for most people is a daily crisis for mine.","How do you navigate sensory clothing needs at school and in daily life?","sensory_sensitivity,clothing","practical_advice","medium"
"Parenting Little Ones (0-8)","Bedtime is a two-hour nightmare","Bedtime routine: bath (sensory overload), pajamas (uncomfortable), lying still (impossible for ADHD kid), darkness (anxiety). By lights-out, both of us are exhausted and resentful.","bedtime_dysregulation","Every parent struggles with bedtime. For neurodivergent kids, it's a sensory/regulation crisis.","What bedtime routine actually works? What did you give up trying?","sleep_regulation,daily_routines","practical_advice","high"
"Parenting Little Ones (0-8)","I'm burnt out before 9am","Get kid out of bed (meltdown). Brush teeth (resistance). Eat breakfast (texture issues). Get dressed (sensory meltdown). School by 8:30am = I'm already emotionally exhausted before the day starts.","parental_burnout_mornings","Before breakfast, I've done 5 emotional crises.","How do you structure mornings without losing your mind? What's your non-negotiable vs. flexible?","daily_survival,burnout","coping_strategies","high"
"Parenting Little Ones (0-8)","Food is a sensory battle","My kid will eat: chicken, rice, specific brand of yogurt. Everything else = texture gag, tears. Nutritionist says they're fine but I worry about nutrition and social eating.","food_sensory_issues","So much power is wrapped up in feeding a selective eater.","How do you manage sensory food aversion without making mealtimes a war?","sensory_food,nutrition","practical_advice","high"
"Parenting Little Ones (0-8)","My 6yo won't talk but everyone says 'they'll talk when they're ready'","Speech delay. Not nonverbal but significantly behind. Everyone: 'boys talk later,' 'Albert Einstein didn't talk till 3,' 'stop worrying.' But waiting is costing time, and I can't push for evaluation because apparently I'm anxious.","speech_delay_dismissal","Trusting your gut is harder when everyone contradicts it.","How did you push for speech evaluation when people dismissed it? What changed?","speech_delay,advocacy","story_invitation","high"
"Parenting Little Ones (0-8)","Playdate? No thanks, too much chaos","My ADHD kid can't handle the stimulation of other kids. Even 30 minutes of peer play = dysregulation for hours after. But kids need socialization and I'm exhausted hiding away.","socialization_struggle","Isolation feels safer than the dysregulation that follows.","How do you help your kid build friendships when group settings are overwhelming?","social_development,anxiety","advice_request","medium"
"Parenting Little Ones (0-8)","I feel guilty for medicating my child","Pediatrician recommended ADHD medication. It genuinely helps my kid focus. But I feel guilty: Am I taking the easy way out? Should I try harder with behavior strategies? Is medication 'cheating'?","medication_guilt","I know it helps. Shame says I'm failing by using it.","If your child is on medication, how did you get past the guilt? How do you know it's the right choice?","medication_guilt,second_guessing","emotional_support","high"
"Parenting Little Ones (0-8)","My kid stims and I'm told to stop it","Teacher asked me to work on reducing hand-flapping (my kid's regulation tool). School sees it as a 'behavior issue' not a regulation need. Do I comply with school or honor my kid's needs?","stimming_suppression","The tools my kid uses to regulate are being pathologized by adults.","How do you protect your kid's natural stims while navigating school pressure to suppress them?","stimming,advocacy","boundary_setting","high"
"Parenting Little Ones (0-8)","I'm losing my marriage to parenting an ND child","All my energy goes to managing my kid's needs. My spouse feels invisible. Intimacy is gone. We fight about parenting, about fairness, about whose responsibility it is. The marriage is cracking.","relationship_strain_parenting","One child's needs are becoming a couple's crisis.","How do you stay connected to your partner while parenting an ND child? How do you divide labor fairly?","marriage_strain,partnership","emotional_support","high"
"Parenting Little Ones (0-8)","I don't know what my kid will even be able to do someday","My 4yo was just diagnosed. I watch other kids and imagine their futures. Mine? Unknown. Sometimes I can't see past tomorrow.","future_anxiety","Diagnosis forces you to face uncertainty you didn't want to contemplate yet.","How do you sit with the unknown of your child's future without catastrophizing?","anxiety,future_worry","emotional_support","medium"
"Parenting Little Ones (0-8)","Everyone's advice contradicts everyone else's advice","One expert: 'strict routine is essential.' Another: 'forcing routine creates rigidity.' Third: 'your child needs flexibility.' I'm following all of them and none of them work.","contradictory_advice","Too many voices, no consensus.","Whose advice do you actually follow? How do you filter the noise?","overwhelm,decision_paralysis","practical_advice","medium"
"Parenting Little Ones (0-8)","My kid's meltdown looks like 'bad behavior' to observers","Full-body dysregulation meltdown in the grocery store. Strangers judge me. 'Why can't you control your child?' I'm not trying to control anything—I'm trying to help them regulate.","public_meltdowns_judgment","My kid is dysregulated. The world sees a discipline failure.","How do you protect your kid from public judgment during dysregulation? How do you handle it in the moment?","public_perception,shame","coping_strategies","high"
"Parenting Little Ones (0-8)","I'm the only one who understands my kid","My kid is perfect with me, dysregulated with everyone else. Teachers, grandparents, therapists—all say 'they're fine here, maybe it's you.' But I see the effort my kid is making to hold it together.","isolated_understanding","Nobody else has full visibility to the effort.","How do you help others see what you see? Or do you stop trying?","validation,isolation","story_invitation","medium"
"Parenting Little Ones (0-8)","Diagnosis didn't come with a manual","Got the diagnosis. Now what? No one explained: how do we access accommodations? What's realistic to expect? How do I parent differently? Where do I even START?","post_diagnosis_confusion","Diagnosis is answer but not roadmap.","After your child's diagnosis, what was your first concrete step? What resources actually helped?","guidance,navigation","advice_request","high"

"Tweens & Teens (9-18)","Board exams + ADHD = perfect storm","10th board exams starting in 4 months. My child's ADHD makes: sitting for 3 hours = impossible, reading dense material = torture, time management = nonexistent, test anxiety = paralysis.","board_exam_stress","Standard exam structure is designed for a different brain.","How are you preparing your teen for boards with ADHD? Are they getting accommodations? How do you actually make exams work?","academic_pressure,exams","practical_advice","high"
"Tweens & Teens (9-18)","School won't give accommodations for boards even though the law allows it","RPWD Act allows scribes + extra time for board exams. Our school says: 'Never done it,' 'Not possible,' 'You need to fight the board directly.' Three months away and nothing's in place.","legal_accommodation_barrier","The law exists. Schools ignore it.","Have you gotten board exam accommodations? How did you make the school comply?","legal_rights,advocacy","practical_advice","high"
"Tweens & Teens (9-18)","My teen is lonely and doesn't know how to fix it","Bright, funny, kind—but zero close friendships. Sits alone at lunch. Misses social cues, makes jokes that land wrong, can't read group dynamics. I watch them suffer and feel helpless.","teen_friendship_crisis","Loneliness at 14 is devastating in ways adults can solve differently.","How do you support a lonely teen with social challenges? What actually helps vs. makes it worse?","social_isolation,friendship","emotional_support","high"
"Tweens & Teens (9-18)","Masking is destroying my teen from the inside","My 13yo acts 'normal' at school (exhaustingly). At home: dysregulation, meltdowns, zero energy. I can see the exhaustion of maintaining a fake self all day. But if they stop masking, school becomes hostile.","masking_burnout_teen","They're 13 and already burnt out from performing normalcy.","If your teen is masking heavily, how do you help them? Do you push for unmasking or help them mask better?","masking,burnout,identity","emotional_support","high"
"Tweens & Teens (9-18)","My teen was just diagnosed—they're refusing to accept it","Diagnosis: autism. Teen's reaction: 'I'm not autistic,' 'Everyone's a little autistic,' 'This label is stupid.' They're rejecting the diagnosis and me for suggesting it helps.","teen_diagnosis_denial","They have proof they're neurodivergent but won't claim it.","How do you support a teen who won't accept their own diagnosis?","diagnosis_acceptance,teen_autonomy","advice_request","high"
"Tweens & Teens (9-18)","Nobody at school sees the struggle because they mask perfectly","Teen: straight A's, popular-adjacent, no visible struggles. But at home: anxiety, depression, sensory overload, executive function collapse. School thinks they're fine. I know they're one crisis away from breakdown.","invisible_struggle","High achievement masks invisible suffering.","How do you advocate for help when your teen 'looks fine'? How do you name the hidden struggle?","invisible_disability,advocacy","practical_advice","high"
"Tweens & Teens (9-18)","My teen wants ADHD diagnosis but I'm skeptical","They self-diagnosed online. We got tested; turns out they're right. But I'm struggling with: is this real or TikTok trends? Am I medicating normal teen struggle?","parental_doubt_diagnosis","Teen knows themselves. Parent doubt creates second-guessing.","How do you resolve your own doubt about your teen's diagnosis?","parental_uncertainty,trust","emotional_support","medium"
"Tweens & Teens (9-18)","Peer rejection is becoming bullying and the school won't act","My 8th grader has ADHD, awkward socially. Peers mock them daily. School response: 'They're being kids,' 'They need to learn to handle it.' But my teen is becoming suicidal about it.","bullying_school_inaction","School enabling the bullying.","How do you escalate when school won't protect your child from bullying?","bullying,safety,advocacy","practical_advice","high"
"Tweens & Teens (9-18)","My teen is questioning their identity (and it's tied to neurodivergence)","ADHD teen realizing they might not be cisgender or straight. Identity questions + neurodivergence = complex. They're trying to understand who they are and whether neurodivergence affects it.","identity_exploration","Adolescence is identity crisis on a normal day. Add neurodivergence.","How do you support a teen exploring identity while neurodivergent?","identity,lgbtq,development","emotional_support","medium"
"Tweens & Teens (9-18)","Study groups don't work for my ADHD teen","Everyone else studies in groups. My teen gets distracted, anxious, overstimulated. They study best alone with stimulation (fidgeting, music, movement). But this feels isolating and teachers question it.","study_style_mismatch","Different brains, different study needs.","How does your neurodivergent teen actually study? What works when group study doesn't?","academics,adaptation","practical_advice","medium"
"Tweens & Teens (9-18)","My teen is in romantic crisis and I have no script","They like someone. That person is 'busy.' My teen can't read the actual situation (are they interested? uninterested? slow-burn? over?). Anxiety is eating them alive and I have no framework to help.","romance_social_confusion","Romance and ADHD/autism = recipe for misreading + heartbreak.","How do you help your teen navigate dating and crushes when they misread social cues?","social_romance,guidance","advice_request","medium"
"Tweens & Teens (9-18)","My teen used to love learning and now hates school","ADHD teen thrived in elementary (looser structure, play-based). Middle school (rigid, fast, complex social scene, abstract learning) = shutdown. They went from excited to 'I hate school' in one year.","school_transition_crash","Different developmental stage + different learning environment = disaster.","How do you reignite a teen's relationship with learning after burnout?","academic_burnout,motivation","advice_request","high"
"Tweens & Teens (9-18)","My teen's mood swings have me terrified","ADHD/autism + puberty hormones = mood dysregulation that's scary. One moment fine, next moment rage or despair. I don't know if this is normal puberty or mental health crisis.","mood_dysregulation_puberty","Neurochemistry + hormones = unpredictability.","How do you distinguish between normal teen moodiness and concerning dysregulation?","mental_health,puberty","advice_request","high"
"Tweens & Teens (9-18)","She masks at school but I can see her unraveling","My 7th grade daughter seems fine at school (teachers say she's great). But I see: anxiety about perceived social failures, exhaustion, perfectionism that's crushing, sensory sensitivity escalating.","daughter_masking_unraveling","Girls are exceptional at hiding. Until they break.","How do you support a teen who's masking and you can see the cost?","masking,girls_underdiagnosis","emotional_support","high"
"Tweens & Teens (9-18)","My teen won't do homework and everyone thinks it's laziness","Executive function challenges + homework demand = stand-off. Teen wants to pass, isn't lazy, literally cannot initiate and complete the work. Teachers see refusal.","homework_executive_function","Neurodivergent struggle looks like defiance to people who don't understand.","How do you help your teen with homework when executive function is the barrier? What actually works?","homework,executive_function","practical_advice","high"
"Tweens & Teens (9-18)","Medication makes them 'different' and they hate it","ADHD meds help my teen focus but also make them feel 'flat,' less like themselves. They want to stop. I worry if they stop, they'll crash academically.","medication_side_effects_identity","Helps with one thing, costs something else.","If your teen is on meds and having identity/side effect concerns, how are you navigating it?","medication,identity,side_effects","practical_advice","medium"
"Tweens & Teens (9-18)","My teen is isolating and I can't force connection","They have interests nobody else shares, don't fit peer culture, prefer solitude. Some of this is healthy introversion. Some feels like depression. How do I know the difference?","isolation_vs_introversion","Neurodivergent isolation is complicated.","How do you know if your teen's isolation is healthy or concerning? What helps?","mental_health,social_development","advice_request","medium"
"Tweens & Teens (9-18)","Summer is hell—unstructured time breaks my teen","School structure holds them together. Summer (no school, no routine, open days) = dysregulation, screen addiction, mood crash. But every 'solution' I try is rejected.","summer_dysregulation","Lack of structure triggers dysfunction.","How do you create structure and purpose for ADHD/autistic teens in summer without it feeling forced?","summer,structure","practical_advice","high"
"Tweens & Teens (9-18)","My teen's diagnosis changes their college prospects and I'm grieving","Mild learning disability + ADHD. College will be hard. Competitive schools are closed. My grief about the ceiling this puts on their options is real, and I feel like a bad parent for grieving.","future_limitation_grief","Future changed by diagnosis.","How do you grieve the 'normal' path your teen won't have while supporting them in the actual one they will?","grief,acceptance,future","emotional_support","high"
"Tweens & Teens (9-18)","Peer pressure affects them differently (and worse)","NT kids have peer pressure (dress right, be cool). My ADHD teen has peer pressure PLUS doesn't understand social subtext. They're vulnerable to being taken advantage of in ways other kids aren't.","vulnerability_peer_pressure","ADHD/autism + adolescence = specific risks.","How do you teach your teen about safe relationships and boundaries when they don't read social cues?","safety,vulnerability,relationships","guidance","high"
"Tweens & Teens (9-18)","My teen is self-harming and I'm terrified","Cutting, scratching, head-banging during dysregulation. School is notified, therapist is involved, but I'm living in terror. Is this ADHD + teen crisis or early-stage mental illness?","self_harm_crisis","Regulation tools have turned inward.","How do you support a teen who's self-harming? What actually helps when the urge to fix it is overwhelming?","mental_health_crisis,self_harm","practical_advice,emotional_support","high"
"Tweens & Teens (9-18)","Everyone has advice and none of it helps","'Set firmer boundaries.' 'Stop being so strict.' 'Medicate.' 'Don't medicate.' 'Do therapy.' 'Therapy is a waste.' 'They'll grow out of it.' Each person's certain they know the right answer. I know my kid.","contradictory_teen_advice","Too many voices, zero true understanding.","Whose advice actually resonates? How do you filter?","overwhelm,decision_making","coping_strategies","medium"
"Tweens & Teens (9-18)","My teen is brilliant but school is punishing them for differences","High IQ, extreme focus in interests, creative problem-solver—but can't sit still during irrelevant material, refuses 'busy work,' questions every rule. Teacher calls it 'defiance.' It's intelligence + ADHD.","gifted_adhd_conflict","Schools designed to kill curiosity in neurodivergent kids.","How do you advocate for a gifted neurodivergent teen when school misses their potential?","gifted,advocacy,school_conflict","practical_advice","high"
"Tweens & Teens (9-18)","My teen's therapist doesn't understand neurodivergence","Therapist keeps trying to 'fix' ADHD-related behavior (procrastination, time blindness) through willpower and shame. Not understanding that it's neurological, not character flaw. Teen stopped going.","inadequate_therapist","Wrong therapist is worse than no therapist.","How do you find a therapist who actually understands ADHD/autism, especially for teens?","therapist_selection,mental_health","practical_advice","high"
"Tweens & Teens (9-18)","My teen's shame about their diagnosis is becoming identity","They see ADHD/autism as what makes them broken, not as part of who they are. Shame is affecting everything: friendships, academics, how they see their future.","shame_identity_crisis","Diagnosis has become self-definition, but the definition is 'broken.'","How do you help your teen reframe their diagnosis from shame to self-understanding?","shame,identity,self_worth","emotional_support","high"

"Adults: Workplace & Life (nd_adults)","Do I tell my employer or keep it secret?","Just diagnosed ADHD at 28. Should I disclose at work? Pros: possible accommodations. Cons: discrimination (illegal but happens), career stalling, judgment. How do people in India navigate this?","disclosure_workplace","Proof in pocket, but is it safe to name it?","If you disclosed at work in India, what actually happened? Was it worth it?","employment,disclosure,risk","story_invitation","high"
"Adults: Workplace & Life (nd_adults)","Explaining employment gaps without outing myself","Six jobs in seven years. Each lasted 1–3 years before burnout. Now on the job market and resume screams 'unstable.' How do I tell the real story (undiagnosed ADHD = burnout) without weaponizing vulnerability?","employment_gaps_narrative","Honesty risks, silence costs.","How did you reframe your employment history on your resume or in interviews?","employment,narrative,resilience","practical_advice","high"
"Adults: Workplace & Life (nd_adults)","I mask at work and it's killing me","By 5pm, I'm exhausted. Masking 8+ hours (appearing focused, organized, socially smooth) leaves nothing left. I come home and can't do anything. This isn't sustainable.","workplace_masking_burnout","Performance is costing everything.","How do you reduce masking at work without risking your job? Is it even possible in corporate India?","masking,burnout,sustainability","advice_request","high"
"Adults: Workplace & Life (nd_adults)","My ADHD makes me brilliant at some things, terrible at others","I'm exceptional at: design thinking, seeing patterns, generating ideas, hyperfocus. Terrible at: follow-through, documentation, meetings, deadlines. How do I build a career that emphasizes strengths and minimizes weaknesses?","strengths_weaknesses_career","Career design is neurodivergent design.","How have you built a role around your actual brain instead of forcing your brain into standard roles?","career_design,strength_based","advice_request","high"
"Adults: Workplace & Life (nd_adults)","I got diagnosed late and I'm grieving my career","Diagnosed at 35. Looking back: I took jobs that didn't fit, burnt out repeatedly, self-blamed, thought I was failing. A different diagnosis earlier = different path. Now what?","late_diagnosis_career_grief","Diagnosis is clarity and loss at once.","How do you accept a different career reality than you imagined?","grief,acceptance,identity","emotional_support","medium"
"Adults: Workplace & Life (nd_adults)","Remote work saved my life; office wants us back","Remote work: I'm thriving. No commute sensory overload, can regulate breaks, work during peak focus times. Company wants in-office 3 days/week. The thought makes me want to quit.","remote_work_need","One policy change = crisis.","How do you advocate for remote work when it's essential for you?","accommodations,workplace_flexibility","practical_advice","high"
"Adults: Workplace & Life (nd_adults)","My manager doesn't get it and I don't know how to explain","I said I work better with flex deadlines and 25-min focused sprints (ADHD rhythm). Manager: 'That's not how professionals work.' Now I'm afraid to ask for accommodations.","unsupportive_manager","Manager's worldview doesn't include neurodivergent working styles.","How do you educate a resistant manager without feeling like you're begging?","communication,advocacy","practical_advice","high"
"Adults: Workplace & Life (nd_adults)","I'm brilliant in my niche but 'unemployable' in standard roles","I've built freelance work in my hyperfocus area (photography, coding, design). It pays less and has no stability, but I thrive. Corporate paths close to me because I don't 'seem professional enough.'","gig_economy_neurodivergent","Niche = perfect fit and fragile income.","How do you build sustainable self-employment as a neurodivergent adult?","self_employment,sustainability","advice_request","medium"
"Adults: Workplace & Life (nd_adults)","Job interviews trigger every ADHD symptom","Sit in waiting room = anxiety. Eye contact = paralysis. Speed questions with thoughtful answers = impossible. Assessment tests = disaster. I fail interviews even when I'd excel at the actual job.","interview_anxiety_adhd","System designed for a different brain.","How do you get past interviews when ADHD makes them a nightmare? Any hacks?","employment,interviews","practical_advice","high"
"Adults: Workplace & Life (nd_adults)","My untreated ADHD is affecting my marriage","I'm late constantly. I forget important dates. I hyperfocus on work and ignore my spouse. They're resentful. Diagnosis (after marriage took damage) changed things but the hurt is still there.","adhd_relationship_damage","ADHD has a partner cost.","If ADHD affected your relationships before diagnosis, how did you repair things?","relationships,family","emotional_support","medium"
"Adults: Workplace & Life (nd_adults)","Burnout turned into depression and I'm not sure I can work anymore","Pushed hard for 10 years. Burnt out catastrophically. Now even thinking about work triggers depression. Disability leave ended. I need income but can't imagine job hunting.","burnout_depression_work","Burnout changes your capacity permanently.","How have you rebuilt your relationship with work after burnout?","burnout,mental_health,recovery","emotional_support","high"
"Adults: Workplace & Life (nd_adults)","I'm doing everything right but still imposter syndrome","I have ADHD diagnosis, accommodations in place, therapist, good job. But I still feel like I'll be found out. Like I don't deserve this. Is this ADHD or just me?","imposter_syndrome","Accomplishments don't quieted doubt.","How do you manage imposter syndrome when your diagnosis tries to convince you it's real?","imposter_syndrome,self_worth","emotional_support","medium"
"Adults: Workplace & Life (nd_adults)","Financial disaster from years of ADHD decisions","Impulsive purchases, missed bills (literally forgot to pay them), salary management chaos. Now in debt and don't know how to build financial stability when your brain doesn't track money.","financial_chaos_adhd","ADHD + money = crisis cycle.","How do you build financial stability with ADHD? What systems actually work?","finances,practical_systems","practical_advice","high"
"Adults: Workplace & Life (nd_adults)","I'm socially terrible at work and it's limiting my growth","I miss social cues in meetings, make awkward jokes, can't small talk, say things I regret. Good work doesn't compensate for social fumbles. Colleagues don't take me seriously.","social_workplace_struggles","Competence alone isn't enough.","How do you navigate workplace social dynamics when you miss the unspoken rules?","social_skills,workplace","advice_request","high"
"Adults: Workplace & Life (nd_adults)","Should I disclose to my team or just my manager?","Planning to disclose ADHD. Manager is supportive. Team is... unknown. If I tell them, will they lower expectations? If I don't, will they think I'm lazy/flaky?","selective_disclosure","Disclosure is power given to people.","How much detail should you share with whom? How do you control the narrative?","disclosure,communication","practical_advice","medium"
"Adults: Workplace & Life (nd_adults)","Medication helps but people think I'm addicted","Taking ADHD meds and they're genuinely useful (focus, mood stability). But colleagues: 'Aren't you worried about addiction?' Family: 'You're becoming dependent.' The stigma is isolating.","medication_stigma","Legitimate treatment is treated like habit.","How do you handle stigma around ADHD medication?","medication,stigma,validation","emotional_support","medium"
"Adults: Workplace & Life (nd_adults)","I'm building something of my own (freelance/startup)","Got tired of corporate jobs (masking, burnout, structure mismatch). Building freelance consulting. It's aligned with my ADHD (variety, autonomy, hyperfocus) but also precarious (income, benefits, isolation).","entrepreneurship_neurodivergent","Aligned work has trade-offs.","How do you build sustainable self-employment as a neurodivergent adult?","entrepreneurship,self_employment","advice_request","medium"
"Adults: Workplace & Life (nd_adults)","My diagnosis explained why certain careers never stuck","I've cycled through: sales, engineering, project management, HR. Each time: initial excitement, then burnout. Pattern invisible until diagnosis. Now I'm finally pursuing a path (creative work) that actually fits my brain.","career_pattern_clarity","Diagnosis shows the pattern.","How did your diagnosis shift your understanding of your career arc?","career,self_awareness","story_invitation","medium"
"Adults: Workplace & Life (nd_adults)","Living paycheck-to-paycheck after years of chaos","Undiagnosed ADHD + job instability + poor money management = perpetual financial stress. Diagnosis helps me understand it, but I'm still broke.","financial_instability","Understanding doesn't fix poverty.","How are you building financial stability? What actually helps when income is uncertain?","finances,stability","practical_advice","high"
"Adults: Workplace & Life (nd_adults)","My ADHD makes me unreliable to people I care about","I forget plans, cancel last-minute, am late constantly. Friends are pulling back. My ADHD is being read as disrespect. How do I explain time-blindness and executive function without making excuses?","social_unreliability","ADHD behavior costs friendships.","How do you maintain friendships when ADHD makes you a flaky friend?","friendships,communication,accountability","practical_advice","high"
"Adults: Workplace & Life (nd_adults)","Career success at the cost of everything else","I've climbed the ladder (hyperfocus + masking). But: no intimate relationships, no hobbies, no life outside work. Success feels hollow. Can I have both?","career_life_imbalance","Achievement alone is empty.","How do you build a life that isn't just career? How do you break the achievement spiral?","work_life_balance,values","reflection","medium"

"Educators' Lounge (teachers)","My student can't sit still and everyone thinks it's a behavior problem","7th-grade student: constant fidgeting, calls out, interrupts, can't sit for more than 10 minutes. I've tried seating changes, behavior charts, consequences. Nothing works. Is this ADHD or am I just a bad teacher?","behavior_vs_dysregulation","Teacher self-blame is real.","What's helped you distinguish between willful misbehavior and dysregulation?","classroom_management,student_support","advice_request","high"
"Educators' Lounge (teachers)","I have no training in inclusive education but I'm expected to provide it","40 students in class. One student is autistic, one has ADHD, two have learning disabilities. No resources, no training, no support. Teacher expectations: teach everyone at pace, all at same level.","inclusive_ed_impossible","Policy exists without infrastructure.","How do you differentiate for 40 kids with zero support?","inclusion,resources","coping_strategies","high"
"Educators' Lounge (teachers)","Parent wants accommodations I can't provide","Request: separate invigilation for exams, extended time, alternate assessment format. School policy doesn't allow it. Legal framework says we should. I'm caught in the middle.","accommodation_barrier","Law exists, policy doesn't align.","How have you navigated accommodations when school systems resist?","accommodations,policy","practical_advice","high"
"Educators' Lounge (teachers)","My 'problem student' might be autistic—what do I do?","Student: quiet in class (because overwhelmed), selective about participation, struggles with group work, prefers predictable routines. No diagnosis. Parent doesn't see it. How do I suggest evaluation without offending?","suspected_autism_teacher_dilemma","Teacher sees, parent doesn't.","How do you raise concerns about a student's possible neurodivergence professionally?","communication,concerns","practical_advice","medium"
"Educators' Lounge (teachers)","Sensory issues aren't taken seriously in mainstream school","Student's sensory needs: can't wear uniform (seams), needs movement breaks, gets overwhelmed in noisy classroom. Response: 'Every student adapts to school, not the other way around.' Policy: no exceptions.","sensory_dismissal","Sensory needs are treated as 'picky.'","How do you work within systems that won't acknowledge sensory issues?","sensory_needs,advocacy","practical_advice","high"
"Educators' Lounge (teachers)","I'm supporting a neurodivergent student but their home doesn't understand","Student thrives at school (accommodations, structure, consistency). But at home: parents minimize diagnosis, don't provide consistency, resist medication. School support is undermined at home.","home_school_mismatch","Your support ends at the school gate.","How do you partner with families who don't accept their child's neurodivergence?","parent_collaboration,acceptance","advice_request","high"
"Educators' Lounge (teachers)","My classroom strategies aren't in any teacher training manual","I've figured out: visual schedules reduce transitions, movement breaks improve focus, fidget tools don't distract (they help), small group work > large group for some students. These work but I'm making it up.","teacher_innovation","Teachers invent inclusion.","What classroom strategies do you use that actually work, even though they weren't in your training?","teaching_strategies,innovation","practical_advice","high"
"Educators' Lounge (teachers)","I'm out of patience and that's affecting my teaching","Teaching 40 kids, many with undiagnosed needs, zero support, high pressure. Fatigue is turning into frustration, and frustration is showing in how I treat struggling students. I'm not the teacher I want to be.","teacher_burnout","System stress becomes student stress.","How do you preserve compassion when you're burnt out?","burnout,self_care","emotional_support","high"
"Educators' Lounge (teachers)","Board exam accommodations feel impossible to coordinate","Law says I should facilitate: scribes, extra time, separate rooms. Reality: school has no budget, no trained scribes, exam logistics are rigid. How do I make this work?","exam_accommodations_logistics","Bureaucracy wins over law.","How have you actually implemented board exam accommodations?","exams,accommodations,systems","practical_advice","high"
"Educators' Lounge (teachers)","Some students hide everything and I miss it","High-achieving student seems fine. Report card shows struggle. Parents say 'doing okay.' But student is masking hard, anxious, and on the edge of breakdown. How do you see the invisible struggle?","masking_student_crisis","Success hides suffering.","How do you spot students who are masking?","masking,mental_health,observation","advice_request","medium"
"Educators' Lounge (teachers)","My school claims inclusion but nothing is actually inclusive","We have 'inclusive' branding, disabled students, but no accommodations, no teacher training, no accessible facilities. It's tokenism, not inclusion.","performative_inclusion","Inclusion as PR, not practice.","How do you advocate for actual inclusion in schools claiming to be inclusive?","advocacy,systems_change","practical_advice","high"
"Educators' Lounge (teachers)","I need to balance one neurodivergent student's needs against the class","Allowing fidget tools for one student means others want them. Extended time for exams means logistical chaos. Accommodation for one creates perceived 'unfairness' for many. How do I navigate this?","fairness_accommodation_tension","Individual needs + group dynamics.","How do you explain accommodations to a class without resentment building?","classroom_culture,fairness","practical_advice","high"
"Educators' Lounge (teachers)","Student has been tested but school won't act on results","Formal ADHD diagnosis, psych report recommends accommodations. School: 'We don't have resources to implement this.' Family doesn't have power to push. Where's the accountability?","diagnosis_no_action","Report in file, nothing changes.","How do you advocate for action when diagnosis exists but school resists?","accountability,advocacy","practical_advice","medium"
"Educators' Lounge (teachers)","I'm teaching a skill but the system doesn't value it","I focus on: problem-solving, resilience, understanding strengths/challenges, building agency. Tests value: rote memorization, compliance, speed. The system ignores what actually matters.","values_misalignment","System vs. pedagogy.","How do you teach what matters when the system measures what doesn't?","pedagogy,values,systems","reflection","medium"
"Educators' Lounge (teachers)","My school blames parents for everything and I disagree","Struggling student: school says 'Bad parenting, lack of support at home.' Reality: parent is doing everything possible with limited resources and their child is neurodivergent. Blame is misplaced.","parent_blame_culture","System punches down.","How do you shift school culture from parent-blame to collaboration?","culture_change,empathy","practical_advice","high"
"Educators' Lounge (teachers)","Differentiation sounds great on paper but I have no time","I'm supposed to differentiate for 40 kids across 3 levels. I have 40 minutes to teach, grade 100 notebooks, fill out administrative forms. Differentiation requires 48-hour days.","differentiation_impossible","Pedagogy ideals + time reality.","How do you do meaningful differentiation with real-world constraints?","differentiation,time_management","practical_advice","high"
"Educators' Lounge (teachers)","My state doesn't recognize the diagnosis (or it's new)","Student diagnosed with ADHD but my state education system still calls it 'behavioral problem.' Or they diagnose with outdated criteria. Official recognition doesn't exist. How do I work around this?","systemic_non_recognition","System hasn't caught up.","How do you support students in systems that don't formally recognize their diagnosis?","systems,advocacy","practical_advice","medium"
"Educators' Lounge (teachers)","Teacher training needs to change completely","Teachers learn behavior management but not neurodevelopment. They learn one pedagogy but not differentiation. Then we're supposed to teach neurodivergent kids. The training is broken.","teacher_ed_broken","System trains teachers for average students.","What would actually help teacher training change?","advocacy,systems_change,training","reflection","medium"
"Educators' Lounge (teachers)","I see potential but the system crushes it","Student: creative, problem-solver, interesting thinker. System: needs to sit still, memorize, follow rigid rules. By year 3, they're disengaged. I watch potential get crushed.","system_crushes_potential","Structure kills brilliance.","How do you preserve a neurodivergent student's spark in an inflexible system?","potential,agency","emotional_support","medium"
"Educators' Lounge (teachers)","My students' parents are fighting the diagnosis I suspect","Parent emails: 'My child is fine,' 'This is all diet,' 'Stop giving excuses for laziness.' They're in denial. Child is struggling. How do I communicate without creating conflict?","parent_denial_communication","Difficult conversations with defensive parents.","How do you discuss concerns when parents are resistant?","parent_communication,sensitivity","practical_advice","high"

"Healthcare & Genetics (parents)","How do I find a clinician who actually knows ADHD/autism?","Called 8 doctors. One said girls don't have ADHD. One wanted to immediately medicate. One told me to 'just parent better.' Finding a good assessor is harder than getting the diagnosis.","clinician_search_nightmare","Doctor quality varies wildly.","How did you find a good clinician? What questions did you ask? What red flags did you notice?","assessment,professional_selection","practical_advice","high"
"Healthcare & Genetics (parents)","The evaluation cost ₹25,000 and I'm not sure it was thorough","Got a private evaluation. Comprehensive (I think?). Cost more than my monthly therapy budget. Clinician didn't ask about family history, school history, home behavior. Was this thorough or just expensive?","evaluation_value_uncertain","Expensive doesn't guarantee good.","What does a good evaluation actually include? How do you know if you got what you paid for?","assessment_quality,value","advice_request","high"
"Healthcare & Genetics (parents)","My child is on ADHD medication and I'm terrified","Meds help them focus but I'm terrified of side effects. Is appetite loss normal? Should we be monitoring anything? How do I know if they're okay?","medication_concern_parent","Help + fear = impossible equation.","What's a realistic side effect profile? How do you monitor safely?","medication,safety,monitoring","advice_request","high"
"Healthcare & Genetics (parents)","The psychiatrist and psychologist gave different diagnoses","Psychiatrist: 'ADHD.' Psychologist: 'Anxiety with ADHD features.' Therapist: 'Both but anxiety is primary.' Who's right? Which diagnosis do I treat?","conflicting_diagnoses","Expert disagreement is confusing.","How do you navigate conflicting professional opinions?","diagnosis,decision_making","practical_advice","medium"
"Healthcare & Genetics (parents)","Medication side effects are worse than the condition","ADHD meds help focus but: reduced appetite (child losing weight), sleep disruption (nightmares), emotional flatness. Child says meds make them feel 'not like themselves.' Do we keep going or try something else?","medication_side_effects_dilemma","Trade-off isn't clear.","How do you decide if medication benefits outweigh side effects?","medication,quality_of_life","advice_request","high"
"Healthcare & Genetics (parents)","Everyone has different opinions on medication and I'm paralyzed","Mom: 'Don't medicate,' 'You'll ruin their brain.' Doctor: 'Medication is evidence-based.' Therapist: 'Try behavioral first.' Parent groups: mixed opinions. How do I choose?","medication_decision_paralysis","Too many voices, no clear answer.","How did you make the medication decision? What actually helped you decide?","medication,decision_making,autonomy","story_invitation","high"
"Healthcare & Genetics (parents)","I think I have it too but I'm too scared to pursue diagnosis","Reading about my kid's diagnosis, so much clicks for me. But getting diagnosed = confronting my own limitations, losing the denial that's kept me functioning.","parental_self_recognition_fear","Self-awareness is terrifying.","Did you get your own diagnosis after your child's? What shifted?","self_awareness,courage","emotional_support","medium"
"Healthcare & Genetics (parents)","Genetic counseling seems pointless but also crucial","Should we pursue genetic testing? What will we do with the information? Will it predict severity for other kids? Can insurance use it against us?","genetic_testing_dilemma","Information has costs and benefits.","How do you decide about genetic testing? What did you learn that mattered?","genetics,decision_making","advice_request","medium"
"Healthcare & Genetics (parents)","My child's diagnosis scared my extended family","Got diagnosis for my 8yo. Told family (needed for school accommodations). Now: 'Will they be able to have relationships?' 'Can they get married?' 'What about their future?' Their catastrophizing is adding to my anxiety.","family_catastrophizing","Others' fear becomes your burden.","How do you manage family members' fears about your child's diagnosis?","boundary_setting,family_education","practical_advice","medium"
"Healthcare & Genetics (parents)","The therapist is great but also expensive and I can't sustain it","Therapist is perfect. My kid is improving. Cost: ₹2500/session, 2x/week. I can't sustain this. What do I do when I can't afford the help that's working?","therapy_cost_unsustainable","Good care is unaffordable.","How have you found sustainable therapy options?","cost,access,sustainability","practical_advice","high"
"Healthcare & Genetics (parents)","Nobody told me what to expect after diagnosis","Got the diagnosis. Now what? Do we tell school immediately? Should we try accommodations first? What if medication is needed? Timeline is unclear.","post_diagnosis_guidance_gap","Diagnosis is answer but not roadmap.","After diagnosis, what was your next step? What resources helped?","guidance,navigation","advice_request","high"
"Healthcare & Genetics (parents)","My child's doctor disagrees with my parenting strategies","I let my kid stim (help them regulate). Doctor: 'Stop that, it's a behavior problem.' I want to validate their diagnosis. Doctor: 'You're enabling.' We're on opposite pages.","doctor_parenting_conflict","Professional vs. parental intuition.","How do you navigate disagreement with your child's doctor?","parenting,medical_autonomy","practical_advice","medium"
"Healthcare & Genetics (parents)","I can't find a therapist (in my city, within budget)","40-minute drive to nearest specialist. Cost ₹3000/session. 6-month wait list. Urban area but still no access. What do I do?","therapy_access_impossible","System doesn't have capacity.","How have you accessed therapy when it's geographically/financially impossible?","access,innovation","practical_advice","high"
"Healthcare & Genetics (parents)","Health insurance won't cover diagnosis or therapy","Policy covers 'mental health' but doesn't list ADHD/autism as eligible. Fought with insurance. Still won't cover. Cost comes entirely out-of-pocket.","insurance_denial","Policy gaps = patient cost.","How are you managing costs when insurance won't cover?","insurance,financial_strategies","practical_advice","high"
"Healthcare & Genetics (parents)","My child's health history is fragmented across providers","No one provider has the full picture. Pediatrician doesn't talk to therapist. Neuropsych evaluated separately. School has different assessment. Information silos.","fragmented_care","System doesn't communicate.","How do you advocate for coordinated care?","coordination,advocacy","practical_advice","medium"
"Healthcare & Genetics (parents)","I'm worried medication will change my child's personality","ADHD meds will help them focus but what if it makes them less 'them'? What if they become emotionally flat? How do I weigh focus against personality?","medication_personality_fear","Identity vs. function.","Did your child's personality change on meds? How do you know if change is growth or loss?","medication,identity,adjustment","advice_request","high"
"Healthcare & Genetics (parents)","Diagnosis came late and I'm angry at healthcare system","My 14yo just diagnosed ADHD. Looking back, signs were obvious at 7, 10, 12. Multiple doctors missed it. Years of struggle that could've been prevented.","late_diagnosis_anger","System failure has costs.","How do you process anger about missed diagnosis?","anger,advocacy,systems","emotional_support","medium"
"Healthcare & Genetics (parents)","I need to choose: medication or therapy (I can't afford both)","Therapist and doctor both recommend: medication + therapy. Reality: ₹8000/month total for both. I can do one. Which matters more?","medication_or_therapy_choice","Forced to pick.","If you had to choose one, which did you prioritize? What was the outcome?","resource_allocation,decision","practical_advice","high"
"Healthcare & Genetics (parents)","My daughter is undiagnosed because she masks perfectly","High achiever, well-liked, no visible struggle. But at home: anxiety, sensory meltdowns, perfectionism that's crushing. Doctors: 'She seems fine.' How do I get evaluation for invisible suffering?","invisible_struggle_diagnosis","Success hides need.","How do you advocate for diagnosis when your child 'seems fine'?","invisible_disability,advocacy,girls","practical_advice","high"
"Healthcare & Genetics (parents)","I want diagnosis but my child refuses to be labeled","Child (12yo) has clear symptoms. We've been to evaluation. Diagnosis would help. But they refuse: 'I'm not broken,' 'I don't want a label,' 'Everyone's a little like this.'","child_diagnosis_refusal","Child autonomy vs. access to support.","How do you honor your child's feelings while supporting them?","autonomy,child_agency","advice_request","high"

"Job Seekers (job_seekers)","My resume has gaps and employers see 'red flag'","Left job for burnout/mental health. Was unemployed 8 months. Now applying and every employer fixates on the gap. How do I explain it without oversharing?","resume_gap_stigma","Honesty risks, silence costs.","How did you reframe employment gaps? What language actually worked?","resume,employment_gaps,narrative","practical_advice","high"
"Job Seekers (job_seekers)","Interview anxiety destroys me (even though I'm qualified)","Phone screen: mind goes blank. In-person: can't make eye contact, ramble, forget what I wanted to say. Assessment tests: fail even when I'd pass on the job. How do I get past interviews?","interview_panic","Competence doesn't translate to interview performance.","What interview hacks actually work? How do you manage anxiety?","interviews,anxiety,techniques","practical_advice","high"
"Job Seekers (job_seekers)","Atypical Advantage / Nagarro TestingPro exists but I didn't know","Finally heard about companies with neuro-affirming hiring. How do I apply? How are they different from normal recruitment?","specialized_hiring_platforms","Access exists but isn't visible.","Anyone familiar with Atypical Advantage or Nagarro TestingPro? How does the process differ?","hiring_resources,access","practical_advice","high"
"Job Seekers (job_seekers)","Online assessments are my kryptonite","Most companies use automated assessments (reasoning, speed, timed). ADHD brain: time pressure = panic. Autism brain: questions that are too abstract. I fail tests I shouldn't.","online_assessment_barrier","Tool mismatch.","How do you handle automated assessments? Any strategies or companies that don't use them?","hiring_bias,accessibility","practical_advice","high"
"Job Seekers (job_seekers)","I don't know if I should disclose or hide my diagnosis","Should I mention ADHD/autism in the application? During interview? After hiring? When to disclose determines everything but I don't know the right timing.","disclosure_timing_strategy","Timing is everything.","When did you disclose (if at all)? How did you choose?","disclosure,strategy","story_invitation","high"
"Job Seekers (job_seekers)","My neurodiversity is actually a job skill in my niche","ADHD + pattern-recognition = I'm exceptional at data analysis. Autism + detail focus = quality assurance excellence. The right role leverages my neurodiversity, not despite it.","neurodiversity_as_asset","Difference is strength in the right context.","What role lets your neurodiversity be an asset, not a liability?","strength_based_career","story_invitation","medium"
"Job Seekers (job_seekers)","I've built freelance work and it's perfect—but also precarious","I'm thriving: choose projects, set my pace, hyperfocus on what matters. No commute, no masking, sustainable pace. But income is unstable and I have no benefits.","freelance_thriving_precarious","Fit comes with instability.","How do you make freelance work sustainable as a neurodivergent person?","self_employment,stability","advice_request","medium"
"Job Seekers (job_seekers)","Group interviews are impossible for me","Many companies do group assessments: solve problem together, present, chat. ADHD brain: can't follow multiple conversations. Autism brain: group dynamics = paralysis. I miss opportunities.","group_interview_barrier","Collaboration testing doesn't test collaboration.","How do you handle group interviews?","interviews,group_dynamics","practical_advice","medium"
"Job Seekers (job_seekers)","I need to reframe my disability as strength (but it's hard)","Cover letter needs to spin gaps, job-hopping, struggles as 'resilience' and 'adaptability.' But it feels like lying when the truth is 'I was struggling and didn't know why.'","narrative_reframing","Truth is not marketable.","How do you authentically reframe your story in a way employers buy?","narrative,authenticity,branding","advice_request","high"
"Job Seekers (job_seekers)","Startup culture is hostile even though it seems 'progressive'","Flat hierarchy = no structure (ADHD crisis). 'Passion over process' = no documentation (needs not met). Startup parties = sensory nightmare. Progressive doesn't mean neurodivergent-friendly.","startup_culture_mismatch","Progressive ≠ accessible.","What company cultures actually work for neurodivergent employees?","culture_fit,workplace_dynamics","story_invitation","medium"
"Job Seekers (job_seekers)","I have no professional network and job hunting is isolating","Networking is: remember names, keep in touch, navigate social dynamics. ADHD + autism brain = I'm invisible. But jobs go to people with networks.","networking_isolation","System rewards connections I can't make.","How do you job search without a network? How do you build one?","networking,connection","practical_advice","high"
"Job Seekers (job_seekers)","My 'job history' looks chaotic but it makes sense to me","5 jobs in 6 years sounds flaky. But each was: mismatch, burnout, exit. Pattern is invisible unless you know neurodivergence. How do I explain the pattern without disclosing?","job_history_pattern","Narrative is invisible.","How do you explain job-hopping in a way that makes sense to employers?","narrative,employment_gaps","practical_advice","high"
"Job Seekers (job_seekers)","Remote work is non-negotiable for me but companies want office","Remote is: no commute overload, flexible environment, control over sensory input. In-office = crisis. Many companies are 'flexible' but not actually.","remote_work_requirement","One policy = dealbreaker.","How do you find fully remote roles? How do you negotiate remote work?","work_flexibility,accommodation","practical_advice","high"
"Job Seekers (job_seekers)","I'm good at one thing but bad at 'professionalism'","I can do the job. Excellence is there. But I'm 'not a good cultural fit' because I: don't small-talk, dress differently, skip unnecessary meetings, communicate directly.","cultural_fit_barrier","Competence doesn't compensate for difference.","How do you navigate 'culture fit' when you're neurodivergent?","culture,belonging,authenticity","practical_advice","high"
"Job Seekers (job_seekers)","I'm overqualified but they won't hire me for it","I apply for jobs slightly below my ability (lower stress). Employers see resume and say 'You'll get bored.' Or they fear I'll leave. Catch-22: can't get hired for right-level job, can't get hired for lower-level job.","qualification_barrier","Vulnerability is disqualifying.","How do you address overqualification concerns?","application_strategy","practical_advice","medium"
"Job Seekers (job_seekers)","Referrals are how jobs get filled and I have zero network","Most hiring in India happens through referrals. I don't have those networks. Online applications get screened out. I'm locked out of the system.","referral_dependent_hiring","System assumes networks.","How do you find jobs without referrals? How do you build referral-able relationships?","networking,hiring_systems","practical_advice","high"
"Job Seekers (job_seekers)","I need structure but they want 'independent contractors'","Many companies want gig workers (no benefits, high flexibility, independent). But I need structure, clarity, routine. Gig work = anxiety for me.","gig_economy_mismatch","Flexibility ≠ always good.","How do you find structured work in a gig economy world?","employment_models,structure","advice_request","medium"
"Job Seekers (job_seekers)","I'm in burnout and job hunting feels impossible","Last job destroyed me. Currently recovering. Know I need work but can't imagine managing interview, onboarding, in-office life. How do I job search while recovering?","burnout_job_search","Recovery + job search = impossible equation.","How do you re-enter the job market post-burnout?","burnout,recovery,re_entry","emotional_support","high"
"Job Seekers (job_seekers)","The job exists but I can't get hired for it","I can do data analysis, design, coding—the actual work. But hiring systems (resume screening, interviews, group assessments) are hostile. Stuck.","capable_unemployable","Capable ≠ hireable.","How do you bypass hiring barriers when you know you can do the job?","hiring_systems,strategy","practical_advice","high"
"Job Seekers (job_seekers)","I finally found a role that works (and want to share why)","After years of job-hopping, I found a role that: has clear expectations, values depth over speed, supports focus time, is mission-driven. Here's how I got here and why it matters.","good_job_match_story","Right fit exists.","What made your current/past job actually work? What's different?","positive_story,reflection","story_invitation","medium"
